sheet,column,variable,type,unit,definition,source,access,used_by_pipeline,note
24_分析データ,1,PID,string,-,"Respondent identifier, constant across survey waves (renamed respondent_id in the pipeline).","Cabinet Office of Japan, Survey on Satisfaction and Quality of Life (individual data provided on application), https://www5.cao.go.jp/keizai2/wellbeing/manzoku/index.html",Restricted; individual data are provided by the Cabinet Office on application for approved academic use and may not be re-provided to third parties. The workbook is the authors' compilation from those files and is not redistributed.,yes,Rows missing PID are dropped.
24_分析データ,2,Life Satisfaction,integer,0-10 after shift,"Life satisfaction as a whole, raw-coded 1-11 in the workbook; the pipeline subtracts 1 to obtain the 0-10 scale used in the survey documentation and the manuscript.","Cabinet Office of Japan, Survey on Satisfaction and Quality of Life (individual data provided on application), https://www5.cao.go.jp/keizai2/wellbeing/manzoku/index.html",Restricted; individual data are provided by the Cabinet Office on application for approved academic use and may not be re-provided to third parties. The workbook is the authors' compilation from those files and is not redistributed.,yes,Values outside 0-10 after the shift are set to missing and the row is dropped.
24_分析データ,3,Finances & Assets,integer,0-10 after shift,"Domain satisfaction: Finances & Assets, raw-coded 1-11 in the workbook; the pipeline subtracts 1 to obtain the 0-10 scale used in the survey documentation and the manuscript.","Cabinet Office of Japan, Survey on Satisfaction and Quality of Life (individual data provided on application), https://www5.cao.go.jp/keizai2/wellbeing/manzoku/index.html",Restricted; individual data are provided by the Cabinet Office on application for approved academic use and may not be re-provided to third parties. The workbook is the authors' compilation from those files and is not redistributed.,yes,Values outside 0-10 after the shift are set to missing and the row is dropped.
24_分析データ,4,Jobs & Wages,integer,0-10 after shift,"Domain satisfaction: Jobs & Wages, raw-coded 1-11 in the workbook; the pipeline subtracts 1 to obtain the 0-10 scale used in the survey documentation and the manuscript.","Cabinet Office of Japan, Survey on Satisfaction and Quality of Life (individual data provided on application), https://www5.cao.go.jp/keizai2/wellbeing/manzoku/index.html",Restricted; individual data are provided by the Cabinet Office on application for approved academic use and may not be re-provided to third parties. The workbook is the authors' compilation from those files and is not redistributed.,yes,Values outside 0-10 after the shift are set to missing and the row is dropped.
24_分析データ,5,Housing,integer,0-10 after shift,"Domain satisfaction: Housing, raw-coded 1-11 in the workbook; the pipeline subtracts 1 to obtain the 0-10 scale used in the survey documentation and the manuscript.","Cabinet Office of Japan, Survey on Satisfaction and Quality of Life (individual data provided on application), https://www5.cao.go.jp/keizai2/wellbeing/manzoku/index.html",Restricted; individual data are provided by the Cabinet Office on application for approved academic use and may not be re-provided to third parties. The workbook is the authors' compilation from those files and is not redistributed.,yes,Values outside 0-10 after the shift are set to missing and the row is dropped.
24_分析データ,6,Work-Life Balance,integer,0-10 after shift,"Domain satisfaction: Work-Life Balance, raw-coded 1-11 in the workbook; the pipeline subtracts 1 to obtain the 0-10 scale used in the survey documentation and the manuscript.","Cabinet Office of Japan, Survey on Satisfaction and Quality of Life (individual data provided on application), https://www5.cao.go.jp/keizai2/wellbeing/manzoku/index.html",Restricted; individual data are provided by the Cabinet Office on application for approved academic use and may not be re-provided to third parties. The workbook is the authors' compilation from those files and is not redistributed.,yes,Values outside 0-10 after the shift are set to missing and the row is dropped.
24_分析データ,7,Health,integer,0-10 after shift,"Domain satisfaction: Health, raw-coded 1-11 in the workbook; the pipeline subtracts 1 to obtain the 0-10 scale used in the survey documentation and the manuscript.","Cabinet Office of Japan, Survey on Satisfaction and Quality of Life (individual data provided on application), https://www5.cao.go.jp/keizai2/wellbeing/manzoku/index.html",Restricted; individual data are provided by the Cabinet Office on application for approved academic use and may not be re-provided to third parties. The workbook is the authors' compilation from those files and is not redistributed.,yes,Values outside 0-10 after the shift are set to missing and the row is dropped.
24_分析データ,8,Education,integer,0-10 after shift,"Domain satisfaction: Education, raw-coded 1-11 in the workbook; the pipeline subtracts 1 to obtain the 0-10 scale used in the survey documentation and the manuscript.","Cabinet Office of Japan, Survey on Satisfaction and Quality of Life (individual data provided on application), https://www5.cao.go.jp/keizai2/wellbeing/manzoku/index.html",Restricted; individual data are provided by the Cabinet Office on application for approved academic use and may not be re-provided to third parties. The workbook is the authors' compilation from those files and is not redistributed.,yes,Values outside 0-10 after the shift are set to missing and the row is dropped.
24_分析データ,9,Friends & Community,integer,0-10 after shift,"Domain satisfaction: Friends & Community, raw-coded 1-11 in the workbook; the pipeline subtracts 1 to obtain the 0-10 scale used in the survey documentation and the manuscript.","Cabinet Office of Japan, Survey on Satisfaction and Quality of Life (individual data provided on application), https://www5.cao.go.jp/keizai2/wellbeing/manzoku/index.html",Restricted; individual data are provided by the Cabinet Office on application for approved academic use and may not be re-provided to third parties. The workbook is the authors' compilation from those files and is not redistributed.,yes,Values outside 0-10 after the shift are set to missing and the row is dropped.
24_分析データ,10,Trust in Government & Courts,integer,0-10 after shift,"Domain satisfaction: Trust in Government & Courts, raw-coded 1-11 in the workbook; the pipeline subtracts 1 to obtain the 0-10 scale used in the survey documentation and the manuscript.","Cabinet Office of Japan, Survey on Satisfaction and Quality of Life (individual data provided on application), https://www5.cao.go.jp/keizai2/wellbeing/manzoku/index.html",Restricted; individual data are provided by the Cabinet Office on application for approved academic use and may not be re-provided to third parties. The workbook is the authors' compilation from those files and is not redistributed.,yes,Values outside 0-10 after the shift are set to missing and the row is dropped.
24_分析データ,11,Air & Water (environment),integer,0-10 after shift,"Domain satisfaction: Air & Water (environment), raw-coded 1-11 in the workbook; the pipeline subtracts 1 to obtain the 0-10 scale used in the survey documentation and the manuscript.","Cabinet Office of Japan, Survey on Satisfaction and Quality of Life (individual data provided on application), https://www5.cao.go.jp/keizai2/wellbeing/manzoku/index.html",Restricted; individual data are provided by the Cabinet Office on application for approved academic use and may not be re-provided to third parties. The workbook is the authors' compilation from those files and is not redistributed.,yes,Values outside 0-10 after the shift are set to missing and the row is dropped.
24_分析データ,12,Personal Safety,integer,0-10 after shift,"Domain satisfaction: Personal Safety, raw-coded 1-11 in the workbook; the pipeline subtracts 1 to obtain the 0-10 scale used in the survey documentation and the manuscript.","Cabinet Office of Japan, Survey on Satisfaction and Quality of Life (individual data provided on application), https://www5.cao.go.jp/keizai2/wellbeing/manzoku/index.html",Restricted; individual data are provided by the Cabinet Office on application for approved academic use and may not be re-provided to third parties. The workbook is the authors' compilation from those files and is not redistributed.,yes,Values outside 0-10 after the shift are set to missing and the row is dropped.
24_分析データ,13,Parenting Support,integer,0-10 after shift,"Domain satisfaction: Parenting Support, raw-coded 1-11 in the workbook; the pipeline subtracts 1 to obtain the 0-10 scale used in the survey documentation and the manuscript.","Cabinet Office of Japan, Survey on Satisfaction and Quality of Life (individual data provided on application), https://www5.cao.go.jp/keizai2/wellbeing/manzoku/index.html",Restricted; individual data are provided by the Cabinet Office on application for approved academic use and may not be re-provided to third parties. The workbook is the authors' compilation from those files and is not redistributed.,yes,Values outside 0-10 after the shift are set to missing and the row is dropped.
24_分析データ,14,Caregiving Support,integer,0-10 after shift,"Domain satisfaction: Caregiving Support, raw-coded 1-11 in the workbook; the pipeline subtracts 1 to obtain the 0-10 scale used in the survey documentation and the manuscript.","Cabinet Office of Japan, Survey on Satisfaction and Quality of Life (individual data provided on application), https://www5.cao.go.jp/keizai2/wellbeing/manzoku/index.html",Restricted; individual data are provided by the Cabinet Office on application for approved academic use and may not be re-provided to third parties. The workbook is the authors' compilation from those files and is not redistributed.,yes,Values outside 0-10 after the shift are set to missing and the row is dropped.
24_分析データ,15,Enjoyment of Life,integer,0-10 after shift,"Domain satisfaction: Enjoyment of Life, raw-coded 1-11 in the workbook; the pipeline subtracts 1 to obtain the 0-10 scale used in the survey documentation and the manuscript.","Cabinet Office of Japan, Survey on Satisfaction and Quality of Life (individual data provided on application), https://www5.cao.go.jp/keizai2/wellbeing/manzoku/index.html",Restricted; individual data are provided by the Cabinet Office on application for approved academic use and may not be re-provided to third parties. The workbook is the authors' compilation from those files and is not redistributed.,yes,Values outside 0-10 after the shift are set to missing and the row is dropped.
24_分析データ,16,CityName,string,-,Municipality name.,Constructed by the authors,-,no,Read positionally; not used in estimation.
24_分析データ,17,CityCode6,string,-,6-digit municipality code with check digit.,Constructed by the authors,-,no,Read positionally; not used in estimation.
24_分析データ,18,muni_code,string,-,5-digit municipality code (zero-padded); merge key to sheet 17_Population.,Constructed by the authors,-,yes,-
24_分析データ,19,city_type,string/integer,-,Municipality type. The set of values classified as Large (designated cities plus core cities) is identified automatically and must reproduce the manuscript count of 122 large-city municipalities exactly; all other values are Small-to-Medium Cities (SMCs).,Constructed by the authors,-,yes,[Author check: value labels of the CityType coding.]
24_分析データ,20,Areakm2,numeric,km2,Municipal land area.,Constructed by the authors,-,no,Read positionally; not used in estimation.
24_分析データ,21,merged_flag,integer,0/1,Municipal merger indicator.,Constructed by the authors,-,no,[Author check: definition.] Not used in estimation.
24_分析データ,22,metro_flag,integer,0/1,Metropolitan-area indicator.,Constructed by the authors,-,no,[Author check: definition.] Not used in estimation.
24_分析データ,23,pop_japanese,integer,persons,Registered Japanese population of the municipality.,"Basic Resident Register population by municipality (e-Stat of Japan, https://www.e-stat.go.jp/)",Public,no,"Shrinkage is computed from sheet 17_Population, not from these columns."
24_分析データ,24,pop_foreign,integer,persons,Registered foreign population of the municipality.,"Basic Resident Register population by municipality (e-Stat of Japan, https://www.e-stat.go.jp/)",Public,no,As above.
24_分析データ,25,pop_total,integer,persons,Total registered population (Japanese + foreign).,"Basic Resident Register population by municipality (e-Stat of Japan, https://www.e-stat.go.jp/)",Public,no,As above.
24_分析データ,26,inflow,integer,persons,Registered in-migration.,"Basic Resident Register population by municipality (e-Stat of Japan, https://www.e-stat.go.jp/)",Public,no,Not used in estimation.
24_分析データ,27,outflow,integer,persons,Registered out-migration.,"Basic Resident Register population by municipality (e-Stat of Japan, https://www.e-stat.go.jp/)",Public,no,Not used in estimation.
24_分析データ,28,sex,integer,code,Respondent sex code as in the survey file.,"Cabinet Office of Japan, Survey on Satisfaction and Quality of Life (individual data provided on application), https://www5.cao.go.jp/keizai2/wellbeing/manzoku/index.html",Restricted; individual data are provided by the Cabinet Office on application for approved academic use and may not be re-provided to third parties. The workbook is the authors' compilation from those files and is not redistributed.,yes,Covariate (jittered). [Author check: code labels.]
24_分析データ,29,age_category,integer,5-year bin code,Age in 5-year bins as coded in the survey file; codes > 10 (i.e. >= 11) define the 65+ cohort.,"Cabinet Office of Japan, Survey on Satisfaction and Quality of Life (individual data provided on application), https://www5.cao.go.jp/keizai2/wellbeing/manzoku/index.html",Restricted; individual data are provided by the Cabinet Office on application for approved academic use and may not be re-provided to third parties. The workbook is the authors' compilation from those files and is not redistributed.,yes,Covariate (jittered) and cohort stratifier.
24_分析データ,30,year,integer,year,Survey wave (2019-2025). 2020 and 2021 define the covid_period covariate.,"Cabinet Office of Japan, Survey on Satisfaction and Quality of Life (individual data provided on application), https://www5.cao.go.jp/keizai2/wellbeing/manzoku/index.html",Restricted; individual data are provided by the Cabinet Office on application for approved academic use and may not be re-provided to third parties. The workbook is the authors' compilation from those files and is not redistributed.,yes,Consecutive years of the same respondent define valid lag-1 transitions.
24_分析データ,31,education,integer,code,Educational attainment code as in the survey file.,"Cabinet Office of Japan, Survey on Satisfaction and Quality of Life (individual data provided on application), https://www5.cao.go.jp/keizai2/wellbeing/manzoku/index.html",Restricted; individual data are provided by the Cabinet Office on application for approved academic use and may not be re-provided to third parties. The workbook is the authors' compilation from those files and is not redistributed.,yes,Covariate (jittered). [Author check: code labels.]
24_分析データ,32,household_income,integer,code,Household income band code as in the survey file.,"Cabinet Office of Japan, Survey on Satisfaction and Quality of Life (individual data provided on application), https://www5.cao.go.jp/keizai2/wellbeing/manzoku/index.html",Restricted; individual data are provided by the Cabinet Office on application for approved academic use and may not be re-provided to third parties. The workbook is the authors' compilation from those files and is not redistributed.,yes,Covariate (jittered). [Author check: code labels.]
24_分析データ,33,household_size,integer,code,Household size code as in the survey file.,"Cabinet Office of Japan, Survey on Satisfaction and Quality of Life (individual data provided on application), https://www5.cao.go.jp/keizai2/wellbeing/manzoku/index.html",Restricted; individual data are provided by the Cabinet Office on application for approved academic use and may not be re-provided to third parties. The workbook is the authors' compilation from those files and is not redistributed.,yes,Covariate (jittered). [Author check: code labels.]
17_Population,1,sy_code,string,-,Prefecture code.,"Basic Resident Register population by municipality (e-Stat of Japan, https://www.e-stat.go.jp/)",Public,no,[Author check: definition.]
17_Population,2,sy_jp,string,-,Prefecture name (Japanese).,"Basic Resident Register population by municipality (e-Stat of Japan, https://www.e-stat.go.jp/)",Public,no,[Author check: definition.]
17_Population,3,pop_year,integer,year,Reference year of the population count; 2017 and 2023 are used.,"Basic Resident Register population by municipality (e-Stat of Japan, https://www.e-stat.go.jp/)",Public,yes,-
17_Population,4,region_code,string,-,Region code.,"Basic Resident Register population by municipality (e-Stat of Japan, https://www.e-stat.go.jp/)",Public,no,[Author check: definition.]
17_Population,5,muni_code,string,-,5-digit municipality code (zero-padded); merge key to sheet 24_分析データ.,"Basic Resident Register population by municipality (e-Stat of Japan, https://www.e-stat.go.jp/)",Public,yes,-
17_Population,6,region_name,string,-,Municipality name.,"Basic Resident Register population by municipality (e-Stat of Japan, https://www.e-stat.go.jp/)",Public,no,-
17_Population,7,japanese,integer,persons,Registered Japanese population.,"Basic Resident Register population by municipality (e-Stat of Japan, https://www.e-stat.go.jp/)",Public,no,-
17_Population,8,foreign,integer,persons,Registered foreign population.,"Basic Resident Register population by municipality (e-Stat of Japan, https://www.e-stat.go.jp/)",Public,no,-
17_Population,9,population,integer,persons,Total registered population (Japanese + foreign). Shrinkage = compound annual change rate 2017-2023; municipalities with r <= -0.15 %/yr are shrinking (manuscript Eq. 1).,"Basic Resident Register population by municipality (e-Stat of Japan, https://www.e-stat.go.jp/)",Public,yes,-
17_Population,10,inflow,integer,persons,Registered in-migration.,"Basic Resident Register population by municipality (e-Stat of Japan, https://www.e-stat.go.jp/)",Public,no,-
17_Population,11,outflow,integer,persons,Registered out-migration.,"Basic Resident Register population by municipality (e-Stat of Japan, https://www.e-stat.go.jp/)",Public,no,-
